,location_id,time,temperature_2m (°C),dew_point_2m (°C),precipitation (mm),surface_pressure (hPa),wind_speed_10m (km/h),cloud_cover (%),rain (mm),snow_depth (m),snowfall (cm),wind_gusts_10m (km/h),et0_fao_evapotranspiration (mm),soil_temperature_0_to_7cm (°C),soil_temperature_7_to_28cm (°C),soil_moisture_0_to_7cm (m³/m³),soil_moisture_7_to_28cm (m³/m³),y_mua_lon,y_sat_lo,y_dong_loc,y_mua_da,y_lu_lut
2172964,4,2026-07-06 00:00:00,22.3,21.8,0.2,907.9,0.8,97.0,0.2,0.0,0.0,22.7,0.04,23.2,24.7,0.503,0.51,0,0,0,0,0
2059176,21,2026-03-22 15:00:00,18.1,17.3,0.0,902.0,3.1,32.0,0.0,0.0,0.0,16.6,0.0,20.4,20.8,0.31,0.35,0,0,0,0,0
175523,23,2021-06-12 12:00:00,23.4,22.4,0.0,891.3,3.1,96.0,0.0,0.0,0.0,8.3,0.01,24.3,22.7,0.484,0.489,0,0,0,0,0
1992195,0,2026-01-19 15:00:00,16.0,10.5,0.0,928.9,2.0,0.0,0.0,0.0,0.0,8.6,0.0,16.1,16.8,0.44,0.446,0,0,0,0,0
2133845,34,2026-05-30 18:00:00,19.9,18.9,0.0,885.5,4.1,92.0,0.0,0.0,0.0,11.5,0.0,21.2,23.3,0.465,0.438,0,0,0,0,0
860220,0,2023-03-08 12:00:00,24.7,16.2,0.0,931.8,4.3,3.0,0.0,0.0,0.0,10.4,0.03,21.8,19.3,0.376,0.362,0,0,0,0,0
1634264,43,2025-02-22 04:00:00,20.4,15.8,0.1,918.9,4.0,100.0,0.1,0.0,0.0,18.7,0.29,19.3,17.9,0.357,0.289,0,0,0,0,0
451667,2,2022-02-23 05:00:00,11.4,9.3,0.0,966.5,7.7,100.0,0.0,0.0,0.0,23.4,0.08,11.8,12.8,0.48,0.479,0,0,0,0,0
2026314,9,2026-02-20 05:00:00,20.4,15.0,0.0,922.1,7.1,100.0,0.0,0.0,0.0,19.8,0.37,20.9,18.9,0.181,0.32,0,0,0,0,0
788326,17,2022-12-31 22:00:00,4.4,4.4,0.0,877.5,4.0,100.0,0.0,0.0,0.0,15.8,0.0,6.2,9.3,0.479,0.48,0,0,0,0,0
1422263,37,2024-08-09 21:00:00,18.1,16.4,0.0,849.7,3.4,99.0,0.0,0.0,0.0,23.8,0.0,18.7,20.4,0.463,0.472,0,0,0,0,0
2180154,38,2026-07-12 15:00:00,21.3,20.8,0.0,890.1,1.9,93.0,0.0,0.0,0.0,6.8,0.0,22.4,24.1,0.504,0.513,0,0,0,0,0
1609329,38,2025-01-30 02:00:00,13.2,6.8,0.0,898.7,1.9,18.0,0.0,0.0,0.0,14.8,0.14,11.2,12.0,0.296,0.28,0,0,0,0,0
428027,31,2022-02-01 07:00:00,23.6,13.3,0.0,947.4,4.1,67.0,0.0,0.0,0.0,20.2,0.42,21.4,17.7,0.291,0.336,0,0,0,0,0
706505,5,2022-10-17 04:00:00,25.9,13.4,0.0,948.7,9.0,83.0,0.0,0.0,0.0,30.2,0.56,22.4,21.0,0.359,0.383,0,0,0,0,0
332733,3,2021-11-05 02:00:00,20.6,19.6,0.0,900.6,3.6,100.0,0.0,0.0,0.0,22.0,0.13,19.8,19.5,0.481,0.485,0,0,0,0,0
876862,36,2023-03-23 21:00:00,19.3,14.2,0.0,915.5,5.3,46.0,0.0,0.0,0.0,16.2,0.01,18.9,21.7,0.283,0.324,0,0,0,0,0
805499,43,2023-01-16 19:00:00,10.0,6.7,0.0,913.3,9.0,32.0,0.0,0.0,0.0,22.0,0.0,13.1,15.8,0.294,0.31,0,0,0,0,0
393040,10,2021-12-30 22:00:00,13.0,12.9,0.0,971.1,4.7,100.0,0.0,0.0,0.0,15.5,0.0,13.7,16.4,0.418,0.421,0,0,0,0,0
73385,34,2021-03-09 22:00:00,13.6,11.8,0.0,885.0,7.1,0.0,0.0,0.0,0.0,18.7,0.0,16.3,18.6,0.304,0.327,0,0,0,0,0
1209674,29,2024-01-26 01:00:00,9.5,7.5,0.0,915.8,7.1,100.0,0.0,0.0,0.0,17.6,0.03,10.3,11.5,0.382,0.348,0,0,0,0,0
147615,16,2021-05-17 16:00:00,21.1,18.4,0.0,860.4,4.0,80.0,0.0,0.0,0.0,15.1,0.0,20.9,22.0,0.333,0.361,0,0,0,0,0
1435525,25,2024-08-22 04:00:00,26.5,24.4,0.6,942.6,1.6,100.0,0.6,0.0,0.0,20.9,0.29,26.0,24.6,0.501,0.501,0,0,0,0,0
1640185,25,2025-02-27 16:00:00,18.8,14.8,0.0,944.8,1.3,17.0,0.0,0.0,0.0,9.0,0.0,18.7,19.9,0.434,0.414,0,0,0,0,0
985779,9,2023-07-02 18:00:00,22.8,22.0,0.0,911.4,5.1,100.0,0.0,0.0,0.0,16.2,0.0,23.7,24.6,0.479,0.485,0,0,0,0,0
692829,9,2022-10-04 12:00:00,21.9,20.1,0.0,915.4,6.1,71.0,0.0,0.0,0.0,15.5,0.0,24.5,23.0,0.456,0.471,0,0,0,0,0
1335117,12,2024-05-21 05:00:00,31.6,23.9,0.1,975.4,3.1,99.0,0.1,0.0,0.0,15.8,0.58,30.2,27.1,0.472,0.476,0,0,0,0,0
256594,4,2021-08-26 14:00:00,23.4,21.4,0.0,911.9,3.3,94.0,0.0,0.0,0.0,14.0,0.0,23.2,23.5,0.492,0.494,0,0,0,0,0
1222445,20,2024-02-06 21:00:00,13.8,9.2,0.0,903.8,2.2,0.0,0.0,0.0,0.0,11.5,0.0,12.8,16.2,0.309,0.315,0,0,0,0,0
459160,25,2022-03-02 03:00:00,20.4,17.5,0.1,949.2,5.2,100.0,0.1,0.0,0.0,16.2,0.2,18.4,17.6,0.427,0.441,0,0,0,0,0
2036290,39,2026-03-01 10:00:00,28.3,16.3,0.0,948.2,8.0,11.0,0.0,0.0,0.0,34.9,0.22,27.2,23.0,0.435,0.452,0,0,0,0,0
544293,18,2022-05-19 23:00:00,21.5,21.4,0.6,945.9,2.4,100.0,0.6,0.0,0.0,11.9,0.01,22.0,22.9,0.398,0.372,0,0,0,0,0
1909889,43,2025-11-04 09:00:00,20.9,15.7,0.0,913.9,8.2,88.0,0.0,0.0,0.0,20.9,0.13,20.9,19.8,0.391,0.411,0,0,0,0,0
500732,17,2022-04-09 15:00:00,20.1,15.6,0.0,900.2,6.1,23.0,0.0,0.0,0.0,16.6,0.01,19.2,19.2,0.388,0.418,0,0,0,0,0
760641,6,2022-12-06 07:00:00,17.4,11.9,0.0,877.8,4.7,100.0,0.0,0.0,0.0,16.2,0.17,15.8,14.0,0.444,0.448,0,0,0,0,0
853983,18,2023-03-02 17:00:00,15.6,13.8,0.0,955.5,4.9,6.0,0.0,0.0,0.0,25.9,0.0,18.5,20.8,0.124,0.128,0,0,0,0,0
2078231,40,2026-04-09 06:00:00,28.4,13.0,0.0,889.8,20.6,23.0,0.0,0.0,0.0,51.1,0.64,26.0,22.0,0.297,0.317,0,0,0,0,0
1509119,43,2024-10-29 07:00:00,27.1,14.7,0.0,910.6,4.0,44.0,0.0,0.0,0.0,19.1,0.49,24.7,21.1,0.328,0.353,0,0,0,0,0
161332,7,2021-05-30 09:00:00,23.4,22.6,0.1,887.5,2.1,100.0,0.1,0.0,0.0,20.5,0.18,24.8,23.4,0.499,0.487,0,0,0,0,0
2054397,12,2026-03-18 05:00:00,29.5,19.4,0.0,978.8,4.5,9.0,0.0,0.0,0.0,27.4,0.56,25.5,21.3,0.44,0.41,0,0,0,0,0
708249,38,2022-10-18 18:00:00,14.3,6.7,0.0,897.7,7.6,0.0,0.0,0.0,0.0,28.1,0.02,17.1,20.0,0.281,0.321,0,0,0,0,0
787099,4,2022-12-30 19:00:00,10.1,9.8,0.0,919.5,2.4,100.0,0.0,0.0,0.0,9.4,0.0,10.9,12.2,0.496,0.5,0,0,0,0,0
1282551,6,2024-04-02 13:00:00,22.8,12.0,0.0,871.7,6.5,5.0,0.0,0.0,0.0,33.1,0.04,22.5,20.7,0.37,0.364,0,0,0,0,0
1477990,10,2024-09-30 12:00:00,25.3,24.5,0.7,959.1,2.7,100.0,0.7,0.0,0.0,10.4,0.0,26.2,26.5,0.508,0.502,0,0,0,0,0
1106786,11,2023-10-22 19:00:00,20.0,17.4,0.0,962.9,3.0,1.0,0.0,0.0,0.0,9.7,0.0,21.2,23.9,0.371,0.392,0,0,0,0,0
1156398,32,2023-12-07 17:00:00,17.1,14.2,0.0,936.6,2.2,6.0,0.0,0.0,0.0,4.3,0.0,17.8,19.8,0.407,0.328,0,0,0,0,0
693303,32,2022-10-04 22:00:00,18.0,17.5,0.0,934.8,2.8,56.0,0.0,0.0,0.0,7.9,0.0,20.4,22.9,0.444,0.455,0,0,0,0,0
200266,17,2021-07-05 10:00:00,23.5,20.1,0.1,869.7,1.9,92.0,0.1,0.0,0.0,16.9,0.19,24.4,22.1,0.495,0.509,0,0,0,0,0
2126543,23,2026-05-24 00:00:00,21.8,20.8,0.0,897.3,5.4,85.0,0.0,0.0,0.0,23.8,0.06,21.8,23.6,0.485,0.477,0,0,0,0,0
1435377,12,2024-08-22 01:00:00,26.4,26.1,0.1,975.5,1.8,100.0,0.1,0.0,0.0,19.8,0.11,26.7,26.9,0.495,0.495,0,0,0,0,0
1738798,42,2025-05-29 23:00:00,22.8,22.2,0.2,942.1,1.1,100.0,0.2,0.0,0.0,10.4,0.01,23.3,24.6,0.505,0.511,0,0,0,0,0
196931,11,2021-07-02 08:00:00,27.4,25.9,0.3,952.8,2.3,100.0,0.3,0.0,0.0,27.4,0.29,26.7,25.1,0.507,0.499,0,0,0,0,0
789432,41,2023-01-01 22:00:00,6.2,5.3,0.0,910.5,3.3,0.0,0.0,0.0,0.0,10.8,0.0,8.8,13.3,0.37,0.309,0,0,0,0,0
2179006,17,2026-07-11 14:00:00,20.8,20.8,0.2,867.1,0.4,99.0,0.2,0.0,0.0,4.7,0.0,22.9,23.9,0.503,0.505,0,0,0,0,0
1866560,5,2025-09-25 07:00:00,29.3,21.3,0.0,935.9,9.0,95.0,0.0,0.0,0.0,27.7,0.34,28.3,25.1,0.434,0.446,0,0,0,0,0
1520003,37,2024-11-08 09:00:00,19.7,9.3,0.0,858.3,3.3,86.0,0.0,0.0,0.0,23.4,0.16,18.4,15.5,0.33,0.33,0,0,0,0,0
691100,34,2022-10-02 21:00:00,18.5,18.4,0.0,885.3,5.8,100.0,0.0,0.0,0.0,18.4,0.0,19.1,20.3,0.494,0.496,0,0,0,0,0
1631499,24,2025-02-19 15:00:00,16.1,15.4,0.0,931.8,4.9,33.0,0.0,0.0,0.0,11.5,0.0,18.0,18.6,0.342,0.358,0,0,0,0,0
517569,24,2022-04-25 05:00:00,30.6,18.6,0.0,926.2,8.1,4.0,0.0,0.0,0.0,27.4,0.65,25.3,21.4,0.451,0.467,0,0,0,0,0
515646,35,2022-04-23 10:00:00,28.6,23.6,0.0,942.0,6.2,53.0,0.0,0.0,0.0,32.4,0.19,26.8,23.0,0.459,0.473,0,0,0,0,0
1787022,26,2025-07-13 15:00:00,23.8,23.4,0.0,923.8,1.3,100.0,0.0,0.0,0.0,6.8,0.0,24.1,24.8,0.479,0.487,0,0,0,0,0
1774500,16,2025-07-02 01:00:00,18.4,17.8,0.7,860.3,4.5,100.0,0.7,0.0,0.0,16.9,0.05,18.7,19.1,0.424,0.435,0,0,0,0,0
1392822,26,2024-07-13 15:00:00,23.2,22.8,0.3,920.3,4.0,100.0,0.3,0.0,0.0,13.3,0.0,24.3,25.0,0.497,0.5,0,0,0,0,0
1791900,0,2025-07-18 04:00:00,28.8,21.6,0.2,926.4,2.3,100.0,0.2,0.0,0.0,13.0,0.54,27.0,24.3,0.479,0.493,0,0,0,0,0
346777,7,2021-11-18 02:00:00,17.5,15.3,0.1,896.5,6.8,100.0,0.1,0.0,0.0,19.1,0.16,17.3,17.6,0.477,0.447,0,0,0,0,0
1530113,23,2024-11-17 18:00:00,16.3,13.7,0.0,900.4,2.2,0.0,0.0,0.0,0.0,15.8,0.0,17.4,20.2,0.299,0.331,0,0,0,0,0
644416,17,2022-08-20 16:00:00,20.1,19.7,1.2,869.0,3.6,100.0,1.2,0.0,0.0,26.3,0.0,21.2,22.4,0.496,0.478,0,0,0,0,0
556314,24,2022-05-31 02:00:00,22.5,20.6,0.2,925.3,2.6,100.0,0.2,0.0,0.0,11.2,0.17,22.4,22.7,0.511,0.508,0,0,0,0,0
915681,21,2023-04-28 20:00:00,18.6,18.0,0.0,899.1,2.9,9.0,0.0,0.0,0.0,19.4,0.0,20.9,23.4,0.404,0.293,0,0,0,0,0
277116,6,2021-09-14 14:00:00,20.6,20.0,0.0,878.0,2.9,100.0,0.0,0.0,0.0,22.0,0.0,21.3,21.8,0.438,0.358,0,0,0,0,0
1197294,24,2024-01-14 14:00:00,16.2,15.4,0.0,933.4,3.3,11.0,0.0,0.0,0.0,11.2,0.0,18.5,18.6,0.355,0.302,0,0,0,0,0
692008,42,2022-10-03 17:00:00,22.0,21.2,0.0,948.4,2.3,84.0,0.0,0.0,0.0,14.4,0.0,23.6,25.2,0.414,0.398,0,0,0,0,0
560489,14,2022-06-03 23:00:00,22.3,21.4,0.2,938.9,2.1,100.0,0.2,0.0,0.0,14.8,0.01,22.3,23.6,0.497,0.484,0,0,0,0,0
1794046,31,2025-07-20 03:00:00,25.8,23.0,0.0,949.6,1.7,100.0,0.0,0.0,0.0,12.6,0.41,25.5,26.0,0.5,0.476,0,0,0,0,0
113348,37,2021-04-15 22:00:00,15.0,13.4,0.0,851.6,3.1,17.0,0.0,0.0,0.0,15.5,0.0,15.3,17.7,0.437,0.441,0,0,0,0,0
1893751,17,2025-10-20 11:00:00,19.7,17.8,0.0,875.7,3.3,29.0,0.0,0.0,0.0,14.8,0.01,21.8,21.1,0.368,0.41,0,0,0,0,0
926412,41,2023-05-08 18:00:00,21.8,21.2,0.0,904.8,4.0,100.0,0.0,0.0,0.0,9.7,0.0,23.3,25.4,0.387,0.321,0,0,0,0,0
1254798,18,2024-03-07 20:00:00,16.0,15.0,0.0,948.3,5.3,64.0,0.0,0.0,0.0,22.3,0.0,18.1,20.8,0.188,0.202,0,0,0,0,0
245460,30,2021-08-16 06:00:00,25.8,22.6,0.1,932.5,7.7,93.0,0.1,0.0,0.0,30.2,0.37,24.7,23.0,0.496,0.497,0,0,0,0,0
835178,23,2023-02-13 07:00:00,26.9,7.8,0.0,898.2,9.7,0.0,0.0,0.0,0.0,33.5,0.58,21.6,16.0,0.342,0.364,0,0,0,0,0
2094257,2,2026-04-24 03:00:00,26.9,20.6,0.0,956.2,7.9,65.0,0.0,0.0,0.0,21.6,0.4,24.7,24.7,0.35,0.305,0,0,0,0,0
125800,25,2021-04-27 11:00:00,22.7,21.6,0.0,942.9,1.0,99.0,0.0,0.0,0.0,9.0,0.04,23.1,23.4,0.491,0.451,0,0,0,0,0
693599,14,2022-10-05 05:00:00,29.3,19.9,0.1,947.7,2.4,19.0,0.1,0.0,0.0,14.0,0.61,26.1,23.6,0.457,0.468,0,0,0,0,0
1401210,0,2024-07-21 10:00:00,25.9,23.7,0.8,924.2,3.4,58.0,0.8,0.0,0.0,13.0,0.17,26.5,24.8,0.505,0.509,0,0,0,0,0
1968359,14,2025-12-28 13:00:00,16.4,14.2,0.0,946.1,3.2,10.0,0.0,0.0,0.0,6.8,0.0,17.5,17.6,0.409,0.44,0,0,0,0,0
465435,0,2022-03-07 23:00:00,16.4,11.4,0.0,932.5,0.8,0.0,0.0,0.0,0.0,6.1,0.0,14.8,18.1,0.423,0.43,0,0,0,0,0
893931,6,2023-04-08 17:00:00,13.8,12.4,0.0,879.4,4.7,6.0,0.0,0.0,0.0,20.5,0.0,16.5,18.7,0.343,0.327,0,0,0,0,0
2139932,2,2026-06-05 10:00:00,29.5,24.4,0.0,947.9,4.6,45.0,0.0,0.0,0.0,17.3,0.26,30.2,28.2,0.48,0.466,0,0,0,0,0
1676442,12,2025-04-02 06:00:00,21.5,15.3,0.0,982.3,6.9,100.0,0.0,0.0,0.0,25.9,0.24,20.8,19.8,0.483,0.478,0,0,0,0,0
596811,21,2022-07-07 14:00:00,21.9,20.8,0.0,896.6,2.7,100.0,0.0,0.0,0.0,10.1,0.0,23.3,23.6,0.475,0.479,0,0,0,0,0
975331,1,2023-06-23 02:00:00,22.9,22.9,0.6,927.5,1.8,100.0,0.6,0.0,0.0,11.5,0.14,23.3,23.8,0.516,0.516,0,0,0,0,0
907305,16,2023-04-21 02:00:00,26.2,10.6,0.0,861.7,1.8,0.0,0.0,0.0,0.0,16.9,0.3,21.6,21.1,0.127,0.185,0,0,0,0,0
355661,25,2021-11-26 07:00:00,19.9,13.9,0.0,913.5,6.6,100.0,0.0,0.0,0.0,19.8,0.19,17.9,15.8,0.413,0.364,0,0,0,0,0
1605745,10,2025-01-26 19:00:00,11.0,7.6,0.1,971.3,9.6,100.0,0.1,0.0,0.0,39.6,0.01,13.9,18.3,0.336,0.408,0,0,0,0,0
640217,2,2022-08-16 19:00:00,24.6,23.8,0.0,951.0,3.3,100.0,0.0,0.0,0.0,13.7,0.0,25.2,26.4,0.467,0.472,0,0,0,0,0
1972306,1,2026-01-01 05:00:00,21.2,15.6,0.4,932.4,3.8,25.0,0.4,0.0,0.0,18.4,0.38,18.6,16.1,0.452,0.433,0,0,0,0,0
487258,42,2022-03-28 03:00:00,21.1,16.7,0.0,949.6,6.2,100.0,0.0,0.0,0.0,20.5,0.26,21.0,21.5,0.486,0.47,0,0,0,0,0
1034504,43,2023-08-16 20:00:00,19.9,19.9,0.3,908.7,1.9,84.0,0.3,0.0,0.0,11.9,0.0,20.9,22.4,0.497,0.496,0,0,0,0,0
2124606,21,2026-05-22 05:00:00,26.5,21.2,0.1,901.4,9.6,27.0,0.1,0.0,0.0,35.3,0.34,26.5,25.0,0.454,0.45,0,0,0,0,0
315221,40,2021-10-19 20:00:00,16.6,16.1,0.0,891.4,3.6,60.0,0.0,0.0,0.0,10.1,0.0,17.4,19.0,0.458,0.457,0,0,0,0,0
